id;title;description;is_read;create_time
1;woefully meaningfully inasmuch;once hm puzzled;true;2025-05-13T12:19:46
2;spice sizzling;failing sarcastic;false;2025-05-14T06:35:30
3;within woot;near;false;2025-05-13T13:02:14
4;bank nice rapidly;poorly or badly;false;2025-05-14T04:21:10
5;as zowie outrun;furiously rationalise indeed;true;2025-05-13T13:17:54
6;bell;heavily;false;2025-05-14T04:26:40
7;oh acknowledge opposite;besides hawk fray;false;2025-05-13T16:51:50
8;tomorrow roasted;prickly;true;2025-05-14T01:28:15
9;first posh voluntarily;up boo;false;2025-05-13T21:10:16
10;drat;er spork;false;2025-05-14T05:51:45
